Type,Name,Request Count,Failure Count,Median Response Time,Average Response Time,Min Response Time,Max Response Time,Average Content Size,Requests/s,Failures/s,50%,66%,75%,80%,90%,95%,98%,99%,99.9%,99.99%,100%
GET,/booking,6686,0,790,709.5293405623958,522.5446999975247,3119.6583000128157,40991.39261142686,22.26378772669609,0.0,790,790,800,800,810,1000,1300,1400,2800,3100,3100
,Aggregated,6686,0,790,709.5293405623958,522.5446999975247,3119.6583000128157,40991.39261142686,22.26378772669609,0.0,790,790,800,800,810,1000,1300,1400,2800,3100,3100
