Type,Name,Request Count,Failure Count,Median Response Time,Average Response Time,Min Response Time,Max Response Time,Average Content Size,Requests/s,Failures/s,50%,66%,75%,80%,90%,95%,98%,99%,99.9%,99.99%,100%
GET,/booking,749,0,790,871.2024914552827,524.806700006593,2653.227999995579,43935.20560747664,4.153949154853697,0.0,790,810,1000,1100,1100,1300,1800,2300,2700,2700,2700
,Aggregated,749,0,790,871.2024914552827,524.806700006593,2653.227999995579,43935.20560747664,4.153949154853697,0.0,790,810,1000,1100,1100,1300,1800,2300,2700,2700,2700
